{"0.0": {"1": 15000.0, "2": 15000.0, "3": 10000.0, "4": 0.0, "5": 40000.0, "6": 0.0}, "0.1": {"1": 15059.41447806994, "2": 15022.897439420527, "3": 10007.562107204472, "4": -5421.389212105179, "5": 40089.87402469494, "6": 0.0}, "0.2": {"1": 15117.46434137734, "2": 15046.718736299084, "3": 10015.278013723431, "4": -5442.287162895842, "5": 40179.461091399855, "6": 0.0}, "0.3": {"1": 15174.223663560395, "2": 15071.409378131228, "3": 10023.156149644174, "4": -5462.720518881742, "5": 40268.789191335796, "6": 0.0}, "0.39999999999999997": {"1": 15229.762759633872, "2": 15096.91791573013, "3": 10031.20413408844, "4": -5482.714593468194, "5": 40357.884809452444, "6": 0.0}, "0.49999999999999994": {"1": 15284.148375561157, "2": 15123.195800858923, "3": 10039.42882686055, "4": -5502.293415202016, "5": 40446.77300328063, "6": 0.0}, "0.6": {"1": 15337.443868308672, "2": 15150.197232235778, "3": 10047.83637720197, "4": -5521.479792591122, "5": 40535.47747774642, "6": 0.0}, "0.7000000000000001": {"1": 15389.709376859259, "2": 15177.879009486222, "3": 10056.432269805688, "4": -5540.295375669333, "5": 40624.020656151166, "6": 0.0}, "0.8000000000000002": {"1": 15441.001984637376, "2": 15206.200394638603, "3": 10065.221368235849, "4": -5558.760714469455, "5": 40712.42374751183, "6": 0.0}, "0.9000000000000002": {"1": 15491.375873776262, "2": 15235.122980779051, "3": 10074.207955890563, "4": -5576.895314559454, "5": 40800.706810445874, "6": 0.0}, "1.0000000000000002": {"1": 15540.88247163569, "2": 15264.610567501584, "3": 10083.395774638748, "4": -5594.7176897888485, "5": 40888.88881377602, "6": 0.0}, "1.1000000000000003": {"1": 15589.570589958568, "2": 15294.629042807428, "3": 10092.788061255033, "4": -5612.245412385084, "5": 40976.98769402102, "6": 0.0}, "1.2000000000000004": {"1": 15637.48655703513, "2": 15325.146271125051, "3": 10102.387581770377, "4": -5629.495160532647, "5": 41065.020409930556, "6": 0.0}, "1.3000000000000005": {"1": 15684.674343225095, "2": 15356.131987139026, "3": 10112.196663849962, "4": -5646.482763561034, "5": 41153.00299421408, "6": 0.0}, "1.4000000000000006": {"1": 15731.175680170603, "2": 15387.557695131543, "3": 10122.217227304101, "4": -5663.223244861417, "5": 41240.950602606245, "6": 0.0}, "1.5000000000000007": {"1": 15777.030174016107, "2": 15419.39657355541, "3": 10132.450812832487, "4": -5679.730862645798, "5": 41328.877560404006, "6": 0.0}, "1.6000000000000008": {"1": 15822.275412935545, "2": 15451.623384571516, "3": 10142.898609096814, "4": -5696.0191486567965, "5": 41416.79740660387, "6": 0.0}, "1.7000000000000008": {"1": 15866.947069252174, "2": 15484.214388297287, "3": 10153.561478211948, "4": -5712.100944930782, "5": 41504.72293576141, "6": 0.0}, "1.800000000000001": {"1": 15911.078996422051, "2": 15517.147261525439, "3": 10164.439979741066, "4": -5727.988438711938, "5": 41592.66623768856, "6": 0.0}, "1.900000000000001": {"1": 15954.703321138706, "2": 15550.401020684532, "3": 10175.534393275779, "4": -5743.693195609934, "5": 41680.63873509901, "6": 0.0}, "2.000000000000001": {"1": 15997.850530803582, "2": 15583.955948824349, "3": 10186.844739678005, "4": -5759.226191089289, "5": 41768.65121930593, "6": 0.0}, "2.1000000000000005": {"1": 16040.54955659461, "2": 15617.793526420142, "3": 10198.370801056375, "4": -5774.597840374059, "5": 41856.71388407113, "6": 0.0}, "2.2": {"1": 16082.827852353661, "2": 15651.896365800203, "3": 10210.112139546123, "4": -5789.818026847318, "5": 41944.83635769998, "6": 0.0}, "2.3": {"1": 16124.71146950257, "2": 15686.248149011068, "3": 10222.068114957845, "4": -5804.896129020925, "5": 42033.027733471485, "6": 0.0}, "2.3999999999999995": {"1": 16166.225128186905, "2": 15720.833568944165, "3": 10234.237901357046, "4": -5819.841046147286, "5": 42121.296598488116, "6": 0.0}, "2.499999999999999": {"1": 16207.392284836726, "2": 15755.638273556533, "3": 10246.620502633185, "4": -5834.661222541221, "5": 42209.65106102644, "6": 0.0}, "2.5999999999999988": {"1": 16248.23519632408, "2": 15790.64881302682, "3": 10259.21476711382, "4": -5849.3646706766685, "5": 42298.098776464714, "6": 0.0}, "2.6999999999999984": {"1": 16288.774980887987, "2": 15825.85258969573, "3": 10272.019401276555, "4": -5863.958993119675, "5": 42386.646971860275, "6": 0.0}, "2.799999999999998": {"1": 16329.031675989118, "2": 15861.237810647817, "3": 10285.032982608696, "4": -5878.451403356082, "5": 42475.30246924563, "6": 0.0}, "2.8999999999999977": {"1": 16369.024293248249, "2": 15896.793442798731, "3": 10298.253971661916, "4": -5892.848745569369, "5": 42564.07170770889, "6": 0.0}, "2.9999999999999973": {"1": 16408.77087061488, "2": 15932.509170358944, "3": 10311.680723346712, "4": -5907.157513421357, "5": 42652.96076432054, "6": 0.0}, "3.099999999999997": {"1": 16448.288521905033, "2": 15968.375354551521, "3": 10325.311497509092, "4": -5921.383867885812, "5": 42741.975373965644, "6": 0.0}, "3.1999999999999966": {"1": 16487.593483840334, "2": 16004.382995467719, "3": 10339.144468829678, "4": -5935.53365418252, "5": 42831.12094813773, "6": 0.0}, "3.2999999999999963": {"1": 16526.70116071382, "2": 16040.523695950127, "3": 10353.17773608326, "4": -5949.612417856974, "5": 42920.40259274721, "6": 0.0}, "3.399999999999996": {"1": 16565.626166801663, "2": 16076.789627398632, "3": 10367.409330794857, "4": -5963.625420048598, "5": 43009.82512499515, "6": 0.0}, "3.4999999999999956": {"1": 16604.382366634036, "2": 16113.173497399834, "3": 10381.837225326397, "4": -5977.577651988253, "5": 43099.39308936027, "6": 0.0}, "3.599999999999995": {"1": 16642.98291323262, "2": 16149.668519085613, "3": 10396.459340426321, "4": -5991.473848763742, "5": 43189.110772744556, "6": 0.0}, "3.699999999999995": {"1": 16681.440284416964, "2": 16186.268382131311, "3": 10411.273552272689, "4": -6005.318502390107, "5": 43278.982218820965, "6": 0.0}, "3.7999999999999945": {"1": 16719.766317276684, "2": 16222.967225308583, "3": 10426.277699038741, "4": -6019.115874219606, "5": 43369.01124162401, "6": 0.0}, "3.899999999999994": {"1": 16757.97224090169, "2": 16259.759610512287, "3": 10441.469587008314, "4": -6032.870006724608, "5": 43459.20143842229, "6": 0.0}, "3.999999999999994": {"1": 16796.068707458013, "2": 16296.640498184901, "3": 10456.846996267044, "4": -6046.584734684884, "5": 43549.55620190995, "6": 0.0}, "4.099999999999993": {"1": 16834.065821692377, "2": 16333.60522406583, "3": 10472.40768599389, "4": -6060.263695809255, "5": 43640.0787317521, "6": 0.0}, "4.199999999999993": {"1": 16871.97316894452, "2": 16370.649477196725, "3": 10488.149399376201, "4": -6073.910340820027, "5": 43730.77204551744, "6": 0.0}, "4.299999999999993": {"1": 16909.799841742333, "2": 16407.76927911739, "3": 10504.0698681703, "4": -6087.527943027239, "5": 43821.63898903003, "6": 0.0}, "4.399999999999992": {"1": 16947.55446505103, "2": 16444.960964190264, "3": 10520.166816928355, "4": -6101.119607418371, "5": 43912.68224616964, "6": 0.0}, "4.499999999999992": {"1": 16985.245220244142, "2": 16482.221160994544, "3": 10536.437966911199, "4": -6114.6882792878905, "5": 44003.90434814988, "6": 0.0}, "4.599999999999992": {"1": 17022.879867860567, "2": 16519.546774734143, "3": 10552.881039705697, "4": -6128.236752429804, "5": 44095.30768230041, "6": 0.0}, "4.699999999999991": {"1": 17060.465769208815, "2": 16556.93497060642, "3": 10569.493760564228, "4": -6141.767676915173, "5": 44186.89450037946, "6": 0.0}, "4.799999999999991": {"1": 17098.00990687645, "2": 16594.38315808143, "3": 10586.273861482907, "4": -6155.283566475522, "5": 44278.66692644079, "6": 0.0}, "4.899999999999991": {"1": 17135.518904199835, "2": 16631.888976043923, "3": 10603.219084034276, "4": -6168.786805511941, "5": 44370.62696427803, "6": 0.0}, "4.99999999999999": {"1": 17172.999043746546, "2": 16669.450278752887, "3": 10620.327181969298, "4": -6182.279655748756, "5": 44462.77650446873, "6": 0.0}, "5.09999999999999": {"1": 17210.456284860185, "2": 16707.065122575616, "3": 10637.595923602714, "4": -6195.7642625496665,