{"0.0": {"1": 0.0, "2": 0.0, "3": 10.0}, "0.1": {"1": 1.0, "2": 0.041666666666666664, "3": 10.0}, "0.2": {"1": 2.0, "2": 0.18333333333333332, "3": 10.0}, "0.3": {"1": 3.0, "2": 0.42499999999999993, "3": 10.0}, "0.39999999999999997": {"1": 4.0, "2": 0.7666666666666666, "3": 10.0}, "0.49999999999999994": {"1": 5.0, "2": 1.2083333333333333, "3": 10.0}, "0.6": {"1": 6.0, "2": 1.75, "3": 10.0}, "0.7000000000000001": {"1": 7.0, "2": 2.3916666666666666, "3": 10.0}, "0.8000000000000002": {"1": 8.0, "2": 3.1333333333333333, "3": 10.0}, "0.9000000000000002": {"1": 9.0, "2": 3.975, "3": 10.0}, "1.0000000000000002": {"1": 10.0, "2": 4.916666666666667, "3": 10.0}, "1.1000000000000003": {"1": 11.0, "2": 5.958333333333334, "3": 10.0}, "1.2000000000000004": {"1": 12.0, "2": 7.1000000000000005, "3": 10.0}, "1.3000000000000005": {"1": 13.0, "2": 8.341666666666667, "3": 10.0}, "1.4000000000000006": {"1": 14.0, "2": 9.683333333333334, "3": 10.0}, "1.5000000000000007": {"1": 15.0, "2": 11.125, "3": 10.0}, "1.6000000000000008": {"1": 16.0, "2": 12.666666666666666, "3": 10.0}, "1.7000000000000008": {"1": 17.0, "2": 14.308333333333334, "3": 10.0}, "1.800000000000001": {"1": 18.0, "2": 16.05, "3": 10.0}, "1.900000000000001": {"1": 19.0, "2": 17.891666666666666, "3": 10.0}, "2.000000000000001": {"1": 20.0, "2": 19.833333333333332, "3": 10.0}, "2.1000000000000005": {"1": 21.0, "2": 21.875, "3": 10.0}, "2.2": {"1": 22.0, "2": 24.016666666666666, "3": 10.0}, "2.3": {"1": 23.0, "2": 26.258333333333333, "3": 10.0}, "2.3999999999999995": {"1": 24.0, "2": 28.599999999999998, "3": 10.0}, "2.499999999999999": {"1": 25.0, "2": 31.041666666666664, "3": 10.0}, "2.5999999999999988": {"1": 26.0, "2": 33.58333333333333, "3": 10.0}, "2.6999999999999984": {"1": 27.0, "2": 36.224999999999994, "3": 10.0}, "2.799999999999998": {"1": 28.0, "2": 38.96666666666666, "3": 10.0}, "2.8999999999999977": {"1": 29.0, "2": 41.80833333333333, "3": 10.0}, "2.9999999999999973": {"1": 30.0, "2": 44.75, "3": 10.0}, "3.099999999999997": {"1": 31.0, "2": 47.791666666666664, "3": 10.0}, "3.1999999999999966": {"1": 32.0, "2": 50.93333333333333, "3": 10.0}, "3.2999999999999963": {"1": 33.0, "2": 54.175, "3": 10.0}, "3.399999999999996": {"1": 34.0, "2": 57.516666666666666, "3": 10.0}, "3.4999999999999956": {"1": 35.0, "2": 60.958333333333336, "3": 10.0}, "3.599999999999995": {"1": 36.0, "2": 64.5, "3": 10.0}, "3.699999999999995": {"1": 37.0, "2": 68.14166666666667, "3": 10.0}, "3.7999999999999945": {"1": 38.0, "2": 71.88333333333333, "3": 10.0}, "3.899999999999994": {"1": 39.0, "2": 75.725, "3": 10.0}, "3.999999999999994": {"1": 40.0, "2": 79.66666666666666, "3": 10.0}, "4.099999999999993": {"1": 41.0, "2": 83.70833333333333, "3": 10.0}, "4.199999999999993": {"1": 42.0, "2": 87.85, "3": 10.0}, "4.299999999999993": {"1": 43.0, "2": 92.09166666666665, "3": 10.0}, "4.399999999999992": {"1": 44.0, "2": 96.43333333333332, "3": 10.0}, "4.499999999999992": {"1": 45.0, "2": 100.87499999999999, "3": 10.0}, "4.599999999999992": {"1": 46.0, "2": 105.41666666666666, "3": 10.0}, "4.699999999999991": {"1": 47.0, "2": 110.05833333333332, "3": 10.0}, "4.799999999999991": {"1": 48.0, "2": 114.79999999999998, "3": 10.0}, "4.899999999999991": {"1": 49.0, "2": 119.64166666666665, "3": 10.0}, "4.99999999999999": {"1": 50.0, "2": 124.58333333333331, "3": 10.0}, "5.09999999999999": {"1": 51.0, "2": 129.62499999999997, "3": 10.0}, "5.1999999999999895": {"1": 52.0, "2": 134.76666666666665, "3": 10.0}, "5.299999999999989": {"1": 53.0, "2": 140.00833333333333, "3": 10.0}, "5.399999999999989": {"1": 54.0, "2": 145.35, "3": 10.0}, "5.4999999999999885": {"1": 55.0, "2": 150.79166666666666, "3": 10.0}, "5.599999999999988": {"1": 56.0, "2": 156.33333333333331, "3": 10.0}, "5.699999999999988": {"1": 57.0, "2": 161.975, "3": 10.0}, "5.799999999999987": {"1": 58.0, "2": 167.71666666666667, "3": 10.0}, "5.899999999999987": {"1": 59.0, "2": 173.55833333333334, "3": 10.0}, "5.999999999999987": {"1": 60.0, "2": 179.5, "3": 10.0}, "6.099999999999986": {"1": 61.0, "2": 185.54166666666666, "3": 10.0}, "6.199999999999986": {"1": 62.0, "2": 191.68333333333334, "3": 10.0}, "6.299999999999986": {"1": 63.0, "2": 197.925, "3": 10.0}, "6.399999999999985": {"1": 64.0, "2": 204.26666666666668, "3": 10.0}, "6.499999999999985": {"1": 65.0, "2": 210.70833333333334, "3": 10.0}, "6.5999999999999845": {"1": 66.0, "2": 217.25, "3": 10.0}, "6.699999999999984": {"1": 67.0, "2": 223.89166666666668, "3": 10.0}, "6.799999999999984": {"1": 68.0, "2": 230.63333333333335, "3": 10.0}, "6.8999999999999835": {"1": 69.0, "2": 237.47500000000002, "3": 10.0}, "6.999999999999983": {"1": 70.0, "2": 244.41666666666669, "3": 10.0}, "7.099999999999983": {"1": 71.0, "2": 251.45833333333334, "3": 10.0}, "7.199999999999982": {"1": 72.0, "2": 258.6, "3": 10.0}, "7.299999999999982": {"1": 73.0, "2": 265.8416666666667, "3": 10.0}, "7.399999999999982": {"1": 74.0, "2": 273.18333333333334, "3": 10.0}, "7.499999999999981": {"1": 75.0, "2": 280.625, "3": 10.0}, "7.599999999999981": {"1": 76.0, "2": 288.1666666666667, "3": 10.0}, "7.699999999999981": {"1": 77.0, "2": 295.80833333333334, "3": 10.0}, "7.79999999999998": {"1": 78.0, "2": 303.55, "3": 10.0}, "7.89999999999998": {"1": 79.0, "2": 311.39166666666665, "3": 10.0}, "7.99999999999998": {"1": 80.0, "2": 319.3333333333333, "3": 10.0}, "8.09999999999998": {"1": 81.0, "2": 327.375, "3": 10.0}, "8.199999999999982": {"1": 82.0, "2": 335.51666666666665, "3": 10.0}, "8.299999999999983": {"1": 83.0, "2": 343.7583333333333, "3": 10.0}, "8.399999999999984": {"1": 84.0, "2": 352.09999999999997, "3": 10.0}, "8.499999999999986": {"1": 85.0, "2": 360.54166666666663, "3": 10.0}, "8.599999999999987": {"1": 86.0, "2": 369.0833333333333, "3": 10.0}, "8.699999999999989": {"1": 87.0, "2": 377.72499999999997, "3": 10.0}, "8.79999999999999": {"1": 88.0, "2": 386.46666666666664, "3": 10.0}, "8.899999999999991": {"1": 89.0, "2": 395.3083333333333, "3": 10.0}, "8.999999999999993": {"1": 90.0, "2": 404.24999999999994, "3": 10.0}, "9.099999999999994": {"1": 91.0, "2": 413.29166666666663, "3": 10.0}, "9.199999999999996": {"1": 92.0, "2": 422.4333333333333, "3": 10.0}, "9.299999999999997": {"1": 93.0, "2": 431.67499999999995, "3": 10.0}, "9.399999999999999": {"1": 94.0, "2": 441.0166666666666, "3": 10.0}, "9.5": {"1": 95.0, "2": 450.45833333333326, "3": 10.0}, "9.600000000000001": {"1": 96.0, "2": 459.99999999999994, "3": 10.0}, "9.700000000000003": {"1": 97.0, "2": 469.6416666666666, "3": 10.0}, "9.800000000000004": {"1": 98.0, "2": 479.38333333333327, "3": 10.0}, "9.900000000000006": {"1": 99.0, "2": 489.2249999999999, "3": 10.0}, "10.000000000000007": {"1": 100.0, "2": 499.1666666666666, "3": 10.0}}