{"0.0": {"1": 0.0, "2": 10.0, "3": 80.0, "4": 0.0}, "0.1": {"1": 1.0, "2": 10.0, "3": 80.0, "4": 0.0}, "0.2": {"1": 2.0, "2": 10.0, "3": 80.0, "4": 0.0}, "0.3": {"1": 3.0, "2": 10.0, "3": 80.0, "4": 0.0}, "0.39999999999999997": {"1": 4.0, "2": 10.0, "3": 80.0, "4": 0.0}, "0.49999999999999994": {"1": 5.0, "2": 10.0, "3": 80.0, "4": 0.0}, "0.6": {"1": 6.0, "2": 10.0, "3": 80.0, "4": 0.0}, "0.7000000000000001": {"1": 7.0, "2": 10.0, "3": 80.0, "4": 0.0}, "0.8000000000000002": {"1": 8.0, "2": 10.0, "3": 80.0, "4": 0.0}, "0.9000000000000002": {"1": 9.0, "2": 10.0, "3": 80.0, "4": 0.0}, "1.0000000000000002": {"1": 10.0, "2": 10.0, "3": 80.0, "4": 0.0}, "1.1000000000000003": {"1": 11.0, "2": 10.0, "3": 80.0, "4": 0.0}, "1.2000000000000004": {"1": 12.0, "2": 10.0, "3": 80.0, "4": 0.0}, "1.3000000000000005": {"1": 13.0, "2": 10.0, "3": 80.0, "4": 0.0}, "1.4000000000000006": {"1": 14.0, "2": 10.0, "3": 80.0, "4": 0.0}, "1.5000000000000007": {"1": 15.0, "2": 10.0, "3": 80.0, "4": 0.0}, "1.6000000000000008": {"1": 16.0, "2": 10.0, "3": 80.0, "4": 0.0}, "1.7000000000000008": {"1": 17.0, "2": 10.0, "3": 80.0, "4": 0.0}, "1.800000000000001": {"1": 18.0, "2": 10.0, "3": 80.0, "4": 0.0}, "1.900000000000001": {"1": 19.0, "2": 10.0, "3": 80.0, "4": 0.0}, "2.000000000000001": {"1": 20.0, "2": 10.0, "3": 80.0, "4": 0.0}, "2.1000000000000005": {"1": 21.0, "2": 10.0, "3": 80.0, "4": 0.0}, "2.2": {"1": 22.0, "2": 10.0, "3": 80.0, "4": 0.0}, "2.3": {"1": 23.0, "2": 10.0, "3": 80.0, "4": 0.0}, "2.3999999999999995": {"1": 24.0, "2": 10.0, "3": 80.0, "4": 0.0}, "2.499999999999999": {"1": 25.0, "2": 10.0, "3": 80.0, "4": 0.0}, "2.5999999999999988": {"1": 26.0, "2": 10.0, "3": 80.0, "4": 0.0}, "2.6999999999999984": {"1": 27.0, "2": 10.0, "3": 80.0, "4": 0.0}, "2.799999999999998": {"1": 28.0, "2": 10.0, "3": 80.0, "4": 0.0}, "2.8999999999999977": {"1": 29.0, "2": 10.0, "3": 80.0, "4": 0.0}, "2.9999999999999973": {"1": 30.0, "2": 10.0, "3": 80.0, "4": 0.0}, "3.099999999999997": {"1": 31.0, "2": 10.0, "3": 80.0, "4": 0.0}, "3.1999999999999966": {"1": 32.0, "2": 10.0, "3": 80.0, "4": 0.0}, "3.2999999999999963": {"1": 33.0, "2": 10.0, "3": 80.0, "4": 0.0}, "3.399999999999996": {"1": 34.0, "2": 10.0, "3": 80.0, "4": 0.0}, "3.4999999999999956": {"1": 35.0, "2": 10.0, "3": 80.0, "4": 0.0}, "3.599999999999995": {"1": 36.0, "2": 10.0, "3": 80.0, "4": 0.0}, "3.699999999999995": {"1": 37.0, "2": 10.0, "3": 80.0, "4": 0.0}, "3.7999999999999945": {"1": 38.0, "2": 10.0, "3": 80.0, "4": 0.0}, "3.899999999999994": {"1": 39.0, "2": 10.0, "3": 80.0, "4": 0.0}, "3.999999999999994": {"1": 40.0, "2": 10.0, "3": 80.0, "4": 0.0}, "4.099999999999993": {"1": 41.0, "2": 10.0, "3": 80.0, "4": 0.0}, "4.199999999999993": {"1": 42.0, "2": 10.0, "3": 80.0, "4": 0.0}, "4.299999999999993": {"1": 43.0, "2": 10.0, "3": 80.0, "4": 0.0}, "4.399999999999992": {"1": 44.0, "2": 10.0, "3": 80.0, "4": 0.0}, "4.499999999999992": {"1": 45.0, "2": 10.0, "3": 80.0, "4": 0.0}, "4.599999999999992": {"1": 46.0, "2": 10.0, "3": 80.0, "4": 0.0}, "4.699999999999991": {"1": 47.0, "2": 10.0, "3": 80.0, "4": 0.0}, "4.799999999999991": {"1": 48.0, "2": 10.0, "3": 80.0, "4": 0.0}, "4.899999999999991": {"1": 49.0, "2": 10.0, "3": 80.0, "4": 0.0}, "4.99999999999999": {"1": 50.0, "2": 10.0, "3": 80.0, "4": 0.0}, "5.09999999999999": {"1": 51.0, "2": 10.0, "3": 80.0, "4": 0.0}, "5.1999999999999895": {"1": 52.0, "2": 10.0, "3": 80.0, "4": 0.0}, "5.299999999999989": {"1": 53.0, "2": 10.0, "3": 80.0, "4": 0.0}, "5.399999999999989": {"1": 54.0, "2": 10.0, "3": 80.0, "4": 0.0}, "5.4999999999999885": {"1": 55.0, "2": 10.0, "3": 80.0, "4": 0.0}, "5.599999999999988": {"1": 56.0, "2": 10.0, "3": 80.0, "4": 0.0}, "5.699999999999988": {"1": 57.0, "2": 10.0, "3": 80.0, "4": 0.0}, "5.799999999999987": {"1": 58.0, "2": 10.0, "3": 80.0, "4": 0.0}, "5.899999999999987": {"1": 59.0, "2": 10.0, "3": 80.0, "4": 0.0}, "5.999999999999987": {"1": 60.0, "2": 10.0, "3": 80.0, "4": 0.0}, "6.099999999999986": {"1": 61.0, "2": 10.0, "3": 80.0, "4": 0.0}, "6.199999999999986": {"1": 62.0, "2": 10.0, "3": 80.0, "4": 0.0}, "6.299999999999986": {"1": 63.0, "2": 10.0, "3": 80.0, "4": 0.0}, "6.399999999999985": {"1": 64.0, "2": 10.0, "3": 80.0, "4": 0.0}, "6.499999999999985": {"1": 65.0, "2": 10.0, "3": 80.0, "4": 0.0}, "6.5999999999999845": {"1": 66.0, "2": 10.0, "3": 80.0, "4": 0.0}, "6.699999999999984": {"1": 67.0, "2": 10.0, "3": 80.0, "4": 0.0}, "6.799999999999984": {"1": 68.0, "2": 10.0, "3": 80.0, "4": 0.0}, "6.8999999999999835": {"1": 69.0, "2": 10.0, "3": 80.0, "4": 0.0}, "6.999999999999983": {"1": 70.0, "2": 10.0, "3": 80.0, "4": 0.0}, "7.099999999999983": {"1": 71.0, "2": 10.0, "3": 80.0, "4": 0.0}, "7.199999999999982": {"1": 72.0, "2": 10.0, "3": 80.0, "4": 0.0}, "7.299999999999982": {"1": 73.0, "2": 10.0, "3": 80.0, "4": 0.0}, "7.399999999999982": {"1": 74.0, "2": 10.0, "3": 80.0, "4": 0.0}, "7.499999999999981": {"1": 75.0, "2": 10.0, "3": 80.0, "4": 0.0}, "7.599999999999981": {"1": 76.0, "2": 10.0, "3": 80.0, "4": 0.0}, "7.699999999999981": {"1": 77.0, "2": 10.0, "3": 80.0, "4": 0.0}, "7.79999999999998": {"1": 78.0, "2": 10.0, "3": 80.0, "4": 0.0}, "7.89999999999998": {"1": 79.0, "2": 10.0, "3": 80.0, "4": 0.0}, "7.99999999999998": {"1": 80.0, "2": 10.0, "3": 80.0, "4": 0.0}, "8.09999999999998": {"1": 81.0, "2": 10.0, "3": 80.0, "4": 1.0}}