{
    "0.0": {
        "1": 100.0,
        "2": 100.0,
        "3": 10.0,
        "4": 0.0,
        "5": 1.0
    },
    "0.1": {
        "1": 100.0,
        "2": 100.0,
        "3": 10.1,
        "4": 1.0041666666666667,
        "5": 1.0
    },
    "0.2": {
        "1": 100.0,
        "2": 100.0,
        "3": 10.2,
        "4": 2.0183333333333335,
        "5": 1.0
    },
    "0.3": {
        "1": 100.0,
        "2": 100.0,
        "3": 10.299999999999999,
        "4": 3.0425000000000004,
        "5": 1.0
    },
    "0.39999999999999997": {
        "1": 100.0,
        "2": 100.0,
        "3": 10.399999999999999,
        "4": 4.076666666666667,
        "5": 1.0
    },
    "0.49999999999999994": {
        "1": 100.0,
        "2": 100.0,
        "3": 10.499999999999998,
        "4": 5.120833333333334,
        "5": 1.0
    },
    "0.6": {
        "1": 100.0,
        "2": 100.0,
        "3": 10.599999999999998,
        "4": 6.175,
        "5": 1.0
    },
    "0.7000000000000001": {
        "1": 100.0,
        "2": 100.0,
        "3": 10.699999999999998,
        "4": 7.239166666666666,
        "5": 1.0
    },
    "0.8000000000000002": {
        "1": 100.0,
        "2": 100.0,
        "3": 10.799999999999997,
        "4": 8.313333333333333,
        "5": 1.0
    },
    "0.9000000000000002": {
        "1": 100.0,
        "2": 100.0,
        "3": 10.899999999999997,
        "4": 9.397499999999999,
        "5": 1.0
    },
    "1.0000000000000002": {
        "1": 100.0,
        "2": 100.0,
        "3": 10.999999999999996,
        "4": 10.491666666666665,
        "5": 1.0
    },
    "1.1000000000000003": {
        "1": 100.0,
        "2": 100.0,
        "3": 11.099999999999996,
        "4": 11.595833333333331,
        "5": 1.0
    },
    "1.2000000000000004": {
        "1": 100.0,
        "2": 100.0,
        "3": 11.199999999999996,
        "4": 12.709999999999997,
        "5": 1.0
    },
    "1.3000000000000005": {
        "1": 100.0,
        "2": 100.0,
        "3": 11.299999999999995,
        "4": 13.834166666666665,
        "5": 1.0
    },
    "1.4000000000000006": {
        "1": 100.0,
        "2": 100.0,
        "3": 11.399999999999995,
        "4": 14.96833333333333,
        "5": 1.0
    },
    "1.5000000000000007": {
        "1": 100.0,
        "2": 100.0,
        "3": 11.499999999999995,
        "4": 16.112499999999997,
        "5": 1.0
    },
    "1.6000000000000008": {
        "1": 100.0,
        "2": 100.0,
        "3": 11.599999999999994,
        "4": 17.266666666666662,
        "5": 1.0
    },
    "1.7000000000000008": {
        "1": 100.0,
        "2": 100.0,
        "3": 11.699999999999994,
        "4": 18.43083333333333,
        "5": 1.0
    },
    "1.800000000000001": {
        "1": 100.0,
        "2": 100.0,
        "3": 11.799999999999994,
        "4": 19.604999999999993,
        "5": 1.0
    },
    "1.900000000000001": {
        "1": 100.0,
        "2": 100.0,
        "3": 11.899999999999993,
        "4": 20.78916666666666,
        "5": 1.0
    },
    "2.000000000000001": {
        "1": 100.0,
        "2": 100.0,
        "3": 11.999999999999993,
        "4": 21.983333333333327,
        "5": 1.0
    },
    "2.1000000000000005": {
        "1": 100.0,
        "2": 100.0,
        "3": 12.099999999999993,
        "4": 23.187499999999993,
        "5": 1.0
    },
    "2.2": {
        "1": 100.0,
        "2": 100.0,
        "3": 12.199999999999992,
        "4": 24.40166666666666,
        "5": 1.0
    },
    "2.3": {
        "1": 100.0,
        "2": 100.0,
        "3": 12.299999999999992,
        "4": 25.625833333333325,
        "5": 1.0
    },
    "2.3999999999999995": {
        "1": 100.0,
        "2": 100.0,
        "3": 12.399999999999991,
        "4": 26.859999999999992,
        "5": 1.0
    },
    "2.499999999999999": {
        "1": 100.0,
        "2": 100.0,
        "3": 12.499999999999991,
        "4": 28.104166666666657,
        "5": 1.0
    },
    "2.5999999999999988": {
        "1": 100.0,
        "2": 100.0,
        "3": 12.59999999999999,
        "4": 29.358333333333324,
        "5": 1.0
    },
    "2.6999999999999984": {
        "1": 100.0,
        "2": 100.0,
        "3": 12.69999999999999,
        "4": 30.622499999999988,
        "5": 1.0
    },
    "2.799999999999998": {
        "1": 100.0,
        "2": 100.0,
        "3": 12.79999999999999,
        "4": 31.896666666666654,
        "5": 1.0
    },
    "2.8999999999999977": {
        "1": 100.0,
        "2": 100.0,
        "3": 12.89999999999999,
        "4": 33.18083333333332,
        "5": 1.0
    },
    "2.9999999999999973": {
        "1": 100.0,
        "2": 100.0,
        "3": 12.99999999999999,
        "4": 34.47499999999998,
        "5": 1.0
    },
    "3.099999999999997": {
        "1": 100.0,
        "2": 100.0,
        "3": 13.099999999999989,
        "4": 35.77916666666665,
        "5": 1.0
    },
    "3.1999999999999966": {
        "1": 100.0,
        "2": 100.0,
        "3": 13.199999999999989,
        "4": 37.09333333333331,
        "5": 1.0
    },
    "3.2999999999999963": {
        "1": 100.0,
        "2": 100.0,
        "3": 13.299999999999988,
        "4": 38.417499999999976,
        "5": 1.0
    },
    "3.399999999999996": {
        "1": 100.0,
        "2": 100.0,
        "3": 13.399999999999988,
        "4": 39.751666666666644,
        "5": 1.0
    },
    "3.4999999999999956": {
        "1": 100.0,
        "2": 100.0,
        "3": 13.499999999999988,
        "4": 41.09583333333331,
        "5": 1.0
    },
    "3.599999999999995": {
        "1": 100.0,
        "2": 100.0,
        "3": 13.599999999999987,
        "4": 42.449999999999974,
        "5": 1.0
    },
    "3.699999999999995": {
        "1": 100.0,
        "2": 100.0,
        "3": 13.699999999999987,
        "4": 43.81416666666664,
        "5": 1.0
    },
    "3.7999999999999945": {
        "1": 100.0,
        "2": 100.0,
        "3": 13.799999999999986,
        "4": 45.188333333333304,
        "5": 1.0
    },
    "3.899999999999994": {
        "1": 100.0,
        "2": 100.0,
        "3": 13.899999999999986,
        "4": 46.57249999999997,
        "5": 1.0
    },
    "3.999999999999994": {
        "1": 100.0,
        "2": 100.0,
        "3": 13.999999999999986,
        "4": 47.96666666666663,
        "5": 1.0
    },
    "4.099999999999993": {
        "1": 100.0,
        "2": 100.0,
        "3": 14.099999999999985,
        "4": 49.3708333333333,
        "5": 1.0
    },
    "4.199999999999993": {
        "1": 100.0,
        "2": 100.0,
        "3": 14.199999999999985,
        "4": 50.78499999999997,
        "5": 1.0
    },
    "4.299999999999993": {
        "1": 100.0,
        "2": 100.0,
        "3": 14.299999999999985,
        "4": 52.20916666666663,
        "5": 1.0
    },
    "4.399999999999992": {
        "1": 100.0,
        "2": 100.0,
        "3": 14.399999999999984,
        "4": 53.643333333333295,
        "5": 1.0
    },
    "4.499999999999992": {
        "1": 100.0,
        "2": 100.0,
        "3": 14.499999999999984,
        "4": 55.08749999999996,
        "5": 1.0
    },
    "4.599999999999992": {
        "1": 100.0,
        "2": 100.0,
        "3": 14.599999999999984,
        "4": 56.54166666666663,
        "5": 1.0
    },
    "4.699999999999991": {
        "1": 100.0,
        "2": 100.0,
        "3": 14.699999999999983,
        "4": 58.00583333333329,
        "5": 1.0
    },
    "4.799999999999991": {
        "1": 100.0,
        "2": 100.0,
        "3": 14.799999999999983,
        "4": 59.479999999999954,
        "5": 1.0
    },
    "4.899999999999991": {
        "1": 100.0,
        "2": 100.0,
        "3": 14.899999999999983,
        "4": 60.96416666666662,
        "5": 1.0
    },
    "4.99999999999999": {
        "1": 100.0,
        "2": 100.0,
        "3": 14.999999999999982,
        "4": 62.458333333333286,
        "5": 1.0
    },
    "5.09999999999999": {
        "1": 100.0,
        "2": 100.0,
        "3": 15.099999999999982,
        "4": 63.96249999999995,
        "5": 1.0
    }
}